solution,avg_num_guesses
RARER,2.6
SENSE,2.65
SASSY,2.7
SISSY,2.7
STATE,2.75
EERIE,2.85
SALSA,2.9
TASTY,2.9
TOOTH,2.95
TATTY,2.95
BASIS,3.0
ARRAY,3.0
ELATE,3.0
CEASE,3.0
SLASH,3.05
ROTOR,3.05
ALGAE,3.05
LEVEL,3.1
RIDER,3.1
CURRY,3.1
BELLE,3.1
SEIZE,3.1
MISSY,3.15
ABATE,3.15
LLAMA,3.15
LOOSE,3.15
TRUSS,3.2
MELEE,3.2
TENET,3.2
BRASS,3.2
RIGOR,3.25
START,3.25
BOSSY,3.25
ASSAY,3.25
SCREE,3.25
MAMMA,3.25
STAIR,3.25
GASSY,3.25
FREER,3.25
SWISH,3.25
SCARE,3.3
SILLY,3.3
AMASS,3.3
SEVER,3.3
SEPIA,3.3
TASTE,3.3
BILLY,3.3
ARSON,3.3
DRIER,3.35
BRIAR,3.35
RADAR,3.35
ALLEY,3.35
ARMOR,3.35
AVAIL,3.35
SEMEN,3.35
GEESE,3.35
PENNE,3.35
TRUST,3.35
REFER,3.35
COULD,3.35
EATEN,3.4
ADAGE,3.4
COLON,3.4
CROSS,3.4
TEPEE,3.4
AGAIN,3.4
SHUSH,3.4
REBAR,3.4
ARISE,3.4
SEGUE,3.45
ABODE,3.45
TRUTH,3.45
BLOOD,3.45
BASAL,3.45
STOUT,3.45
BETEL,3.45
SUSHI,3.45
DRAMA,3.45
COUCH,3.45
TRITE,3.45
FLOSS,3.5
DENSE,3.5
STOKE,3.5
LOWLY,3.5
HITCH,3.5
DOLLY,3.5
ROOST,3.5
ARBOR,3.5
CLASS,3.5
LEASE,3.5
SLYLY,3.55
BULLY,3.55
BEGET,3.55
STUNT,3.55
SPASM,3.55
SATYR,3.55
DONOR,3.55
LUCKY,3.55
VIRUS,3.55
KIOSK,3.55
JUNTA,3.55
RACER,3.55
THERE,3.55
LOATH,3.55
TERSE,3.6
BLISS,3.6
FOLIO,3.6
LIPID,3.6
SLUSH,3.6
MOTTO,3.6
NOISE,3.6
AWARE,3.6
EMCEE,3.6
LOGIC,3.6
SAUNA,3.6
ALLAY,3.6
VALVE,3.6
HUNCH,3.6
CLOCK,3.6
TOAST,3.6
BEECH,3.65
FIFTH,3.65
LINEN,3.65
TAINT,3.65
BIRTH,3.65
ELIDE,3.65
GUAVA,3.65
ANGRY,3.65
SURER,3.65
CHILI,3.65
CHUCK,3.65
LOOPY,3.65
CRANE,3.65
PLANE,3.65
CLASH,3.65
ALARM,3.65
PARER,3.65
SIXTH,3.65
EVENT,3.7
MOTOR,3.7
SOOTH,3.7
SOLAR,3.7
SEDAN,3.7
SLEET,3.7
PENCE,3.7
BRING,3.7
ABACK,3.7
AGATE,3.7
TONGA,3.7
ADAPT,3.7
TUTOR,3.7
ARGUE,3.75
RUMOR,3.75
STILT,3.75
AMISS,3.75
LEASH,3.75
STAGE,3.75
FUSSY,3.75
HUTCH,3.75
EATER,3.75
BOSOM,3.75
SCORE,3.75
BEVEL,3.75
SERVE,3.75
SCRUB,3.75
IGLOO,3.75
CLUCK,3.75
MASSE,3.75
ALIKE,3.75
BLESS,3.75
TIBIA,3.75
GUISE,3.75
SKATE,3.75
INCUR,3.8
ELITE,3.8
POOCH,3.8
NIECE,3.8
AORTA,3.8
TEETH,3.8
CROCK,3.8
AHEAD,3.8
BITTY,3.8
RIGID,3.8
TROUT,3.8
BRAIN,3.8
TIGHT,3.8
DROSS,3.8
ROBOT,3.8
HEAVE,3.8
FORGO,3.8
LIVID,3.8
DEFER,3.8
ERROR,3.8
CRICK,3.85
TWEET,3.85
AROMA,3.85
KNOLL,3.85
TOTAL,3.85
PLAZA,3.85
DROLL,3.85
SLOSH,3.85
AGING,3.85
APNEA,3.85
SHINE,3.85
TRYST,3.85
NASAL,3.85
CHOCK,3.85
WORRY,3.85
CLOSE,3.85
TENSE,3.85
SALAD,3.85
TORUS,3.85
FENCE,3.85
LEGAL,3.9
CINCH,3.9
CIVIC,3.9
SCORN,3.9
LASSO,3.9
ANGLE,3.9
FILTH,3.9
SALLY,3.9
BRISK,3.9
TESTY,3.9
SMASH,3.9
DIRGE,3.9
FORAY,3.9
THRUM,3.9
ALTAR,3.9
STINT,3.9
SHOOK,3.9
QUOTA,3.9
GRILL,3.9
AVIAN,3.9
WOULD,3.9
HASTY,3.9
ALONE,3.9
GAUGE,3.95
SNORT,3.95
PULSE,3.95
LOUSE,3.95
DRILL,3.95
DROIT,3.95
DRIED,3.95
WELSH,3.95
BRINK,3.95
TORSO,3.95
ANIME,3.95
FRIAR,3.95
DITTO,3.95
BEEFY,3.95
HARRY,3.95
ERODE,3.95
SHORT,3.95
BOOTH,3.95
BATTY,3.95
SWATH,3.95
FLUFF,3.95
THIRD,3.95
RURAL,3.95
CHURN,3.95
CRONY,3.95
SHELL,3.95
THROB,4.0
AMAZE,4.0
ANNEX,4.0
BROOD,4.0
SHEAR,4.0
PIECE,4.0
WEDGE,4.0
SMOTE,4.0
TULIP,4.0
COACH,4.0
LYNCH,4.0
HUMPH,4.0
ALPHA,4.0
CONCH,4.0
CREME,4.0
SCOUR,4.0
BERET,4.0
CROOK,4.0
TAKEN,4.0
KARMA,4.0
CHASE,4.0
KNACK,4.0
BELIE,4.0
BELLY,4.0
ATTIC,4.0
PLEAT,4.0
DULLY,4.0
FUROR,4.0
HEDGE,4.0
VERSE,4.0
BEGIN,4.0
BLOND,4.0
ENACT,4.05
CARAT,4.05
ANODE,4.05
BLUSH,4.05
SCENE,4.05
UTILE,4.05
ATONE,4.05
MYRRH,4.05
PASTA,4.05
STOLE,4.05
VERVE,4.05
CARRY,4.05
BASIC,4.05
SULLY,4.05
TRUCK,4.05
BREED,4.05
LATTE,4.05
ABIDE,4.05
KOALA,4.05
SORRY,4.05
DIGIT,4.05
ARENA,4.05
BLANK,4.05
CLACK,4.05
TULLE,4.05
ANGEL,4.05
BLADE,4.05
SALTY,4.05
TIMID,4.05
CRYPT,4.1
CORNY,4.1
PRICE,4.1
SHOAL,4.1
PILOT,4.1
RAISE,4.1
CRASS,4.1
UNCUT,4.1
THUMB,4.1
ROYAL,4.1
BLOOM,4.1
ACRID,4.1
STEEL,4.1
TRAIL,4.1
BOUND,4.1
LABEL,4.1
ARROW,4.1
GUESS,4.1
FAUNA,4.1
GLOSS,4.1
CANAL,4.1
LURCH,4.1
LYMPH,4.1
IONIC,4.1
FIRST,4.1
THONG,4.1
TIARA,4.1
ABASE,4.1
FORTH,4.1
CACTI,4.1
TITLE,4.1
MINIM,4.1
AGREE,4.1
SLATE,4.1
RISER,4.15
AWAIT,4.15
EVERY,4.15
CORAL,4.15
GIRTH,4.15
CHILL,4.15
THEME,4.15
STRIP,4.15
TOKEN,4.15
AXIAL,4.15
WRUNG,4.15
GIPSY,4.15
MUSIC,4.15
WORST,4.15
ELOPE,4.15
LOCAL,4.15
LIMIT,4.15
LORRY,4.15
AROSE,4.15
ADOBE,4.15
VILLA,4.15
DEUCE,4.15
LARVA,4.15
PARSE,4.15
DEBIT,4.15
BORAX,4.15
OVOID,4.15
PLANT,4.15
MOSSY,4.2
MASON,4.2
FINCH,4.2
AISLE,4.2
FILLY,4.2
FLOOD,4.2
FICUS,4.2
MOURN,4.2
CRIER,4.2
FERRY,4.2
ELECT,4.2
JEWEL,4.2
KAPPA,4.2
PRIOR,4.2
HEATH,4.2
WHOOP,4.2
GEEKY,4.2
GRUFF,4.2
GRIMY,4.2
GOURD,4.2
REBUS,4.2
GOOSE,4.2
DROOL,4.2
CROWN,4.2
GROIN,4.2
COLOR,4.2
FLIRT,4.2
BLURB,4.2
BRINY,4.2
STASH,4.2
SAFER,4.2
SEWER,4.2
BATHE,4.2
TRIBE,4.2
SIGMA,4.2
SAVOR,4.2
SCREW,4.2
BUILD,4.2
SWIRL,4.2
SHIRK,4.2
SHIRE,4.2
CHUNK,4.2
VISTA,4.25
TODDY,4.25
MINUS,4.25
FUNGI,4.25
SOWER,4.25
BROAD,4.25
BLEAT,4.25
BRUNT,4.25
SWORD,4.25
GRADE,4.25
DROOP,4.25
MORON,4.25
AWARD,4.25
DERBY,4.25
SKUNK,4.25
SKIRT,4.25
GENIE,4.25
SHYLY,4.25
NANNY,4.25
SHORE,4.25
NINTH,4.25
SMART,4.25
DIRTY,4.25
BIRCH,4.25
GAMMA,4.25
MAGMA,4.25
AGENT,4.25
SPITE,4.25
CREPE,4.25
HUMID,4.25
LATHE,4.25
FLOUT,4.25
SPRIG,4.25
BRAWN,4.25
REARM,4.25
BOUGH,4.25
CLOUT,4.25
SPREE,4.25
TOUCH,4.25
CIVIL,4.25
KNOWN,4.25
KHAKI,4.25
CONDO,4.25
FLOOR,4.25
HATCH,4.25
WORLD,4.25
COMIC,4.25
SHARE,4.3
KAYAK,4.3
REUSE,4.3
BASTE,4.3
GRAND,4.3
MANIA,4.3
SHINY,4.3
BERRY,4.3
BOOTY,4.3
SHIRT,4.3
GOLEM,4.3
DILLY,4.3
NEVER,4.3
BOOBY,4.3
FEVER,4.3
SILKY,4.3
MOULT,4.3
APHID,4.3
INANE,4.3
STING,4.3
THESE,4.3
STEED,4.3
ALIEN,4.3
BIBLE,4.3
CRUMB,4.3
RABBI,4.3
LEVER,4.3
DRYER,4.3
LILAC,4.3
BEAST,4.3
DWARF,4.3
STARK,4.3
THUMP,4.3
VAGUE,4.3
BRAID,4.3
BLARE,4.3
BROOK,4.3
AGAPE,4.3
SCONE,4.3
CHEER,4.3
SOLVE,4.3
DOWDY,4.3
CHANT,4.3
CHASM,4.3
SWOON,4.35
ARDOR,4.35
TRACT,4.35
DRYLY,4.35
STYLE,4.35
GULCH,4.35
DETER,4.35
BRIBE,4.35
BRINE,4.35
LOGIN,4.35
BONGO,4.35
TAKER,4.35
TRICK,4.35
APPLY,4.35
BOOST,4.35
GOING,4.35
SONAR,4.35
GRIND,4.35
EXILE,4.35
WHERE,4.35
ALLOT,4.35
POISE,4.35
POUCH,4.35
CLEAN,4.35
CHIRP,4.35
VERSO,4.35
CUMIN,4.35
CLUMP,4.35
SAINT,4.35
FURRY,4.35
CRUST,4.35
SALVE,4.35
TUMOR,4.35
CLAMP,4.35
TYING,4.35
THANK,4.35
SEVEN,4.35
SHARK,4.35
CONIC,4.35
SAUCE,4.35
NYMPH,4.35
QUILL,4.35
VIRAL,4.35
BESET,4.35
TEPID,4.35
FRILL,4.35
SADLY,4.35
CRATE,4.35
TWINE,4.35
IDIOM,4.35
ALIVE,4.35
CLICK,4.35
GROOM,4.4
HEAVY,4.4
FOIST,4.4
BROOM,4.4
DRONE,4.4
AMPLE,4.4
CRESS,4.4
QUIRK,4.4
UNFIT,4.4
CRIMP,4.4
WRING,4.4
CRISP,4.4
DIMLY,4.4
ROGER,4.4
BURNT,4.4
VIVID,4.4
SLAVE,4.4
ROAST,4.4
IMAGE,4.4
MOUNT,4.4
BASIL,4.4
MIMIC,4.4
CRUMP,4.4
ABHOR,4.4
PLATE,4.4
VISIT,4.4
TUNIC,4.4
STRUT,4.4
HIPPY,4.4
GLOOM,4.4
CHUMP,4.45
STAIN,4.45
COUNT,4.45
COUGH,4.45
BLURT,4.45
KNOCK,4.45
RESET,4.45
WOOLY,4.45
STILL,4.45
SANDY,4.45
TRAIT,4.45
INLAY,4.45
HIPPO,4.45
FLEET,4.45
BLOCK,4.45
UNDID,4.45
GLASS,4.45
BEGAN,4.45
FRITZ,4.45
GENRE,4.45
MERRY,4.45
GLORY,4.45
BUNNY,4.45
CURVY,4.45
TACIT,4.45
BEING,4.45
AGILE,4.45
CUBIC,4.45
SMITE,4.45
LOYAL,4.45
SCOUT,4.45
LOSER,4.45
GROUT,4.45
TWANG,4.45
TAUNT,4.45
SAVVY,4.45
CRANK,4.45
RUDER,4.45
SPIRE,4.45
QUEUE,4.45
DELVE,4.45
FROND,4.45
DRINK,4.45
PRONE,4.45
PROBE,4.45
BEGAT,4.5
BEACH,4.5
EXALT,4.5
HONOR,4.5
SUNNY,4.5
BENCH,4.5
WRITE,4.5
FOLLY,4.5
BLEED,4.5
GROSS,4.5
GIRLY,4.5
FAITH,4.5
TENTH,4.5
RUMBA,4.5
HUSSY,4.5
WEAVE,4.5
NAVAL,4.5
PUPPY,4.5
SPICY,4.5
WAIST,4.5
PYGMY,4.5
MUMMY,4.5
QUITE,4.5
DRUNK,4.5
LEPER,4.5
FLINT,4.5
MOLDY,4.5
COVEN,4.5
BRUSH,4.5
REBEL,4.5
CHAFF,4.5
WOOZY,4.5
SLAIN,4.5
STEEP,4.5
ROVER,4.5
STERN,4.5
SANER,4.5
JETTY,4.5
CLOTH,4.5
BOULE,4.5
RINSE,4.5
EMBED,4.5
SHALL,4.55
MELON,4.55
FEMME,4.55
MOTIF,4.55
CABAL,4.55
AGORA,4.55
TRUER,4.55
TONIC,4.55
HURRY,4.55
PRINT,4.55
FILMY,4.55
AXION,4.55
MEDIA,4.55
SAUTE,4.55
ALLOY,4.55
FORCE,4.55
TWIST,4.55
ABBEY,4.55
FLUNG,4.55
COMFY,4.55
CLAIM,4.55
SCARF,4.55
FROST,4.55
LOAMY,4.55
MATEY,4.55
DUSTY,4.55
GYPSY,4.55
DRUID,4.55
ADORE,4.55
TOXIN,4.55
WORDY,4.55
WRIST,4.55
LOBBY,4.55
WALTZ,4.55
ERASE,4.55
AFIRE,4.55
HARSH,4.55
INEPT,4.55
GROAN,4.55
BRAND,4.55
SMELL,4.55
LUPUS,4.55
SWORN,4.55
GREET,4.55
TORCH,4.55
BLUNT,4.55
GRAIN,4.55
HOVEL,4.55
MARRY,4.55
BULKY,4.55
VALUE,4.6
KNEED,4.6
STONE,4.6
HEADY,4.6
SUGAR,4.6
HUMUS,4.6
UMBRA,4.6
FLOUR,4.6
THEFT,4.6
TRACE,4.6
SPILT,4.6
HALVE,4.6
LURID,4.6
GREEN,4.6
MOGUL,4.6
MUCUS,4.6
LUNAR,4.6
SHRUB,4.6
RADII,4.6
SHONE,4.6
PIETY,4.6
SAVOY,4.6
PRISM,4.6
MEANT,4.6
LIKEN,4.6
FRUIT,4.6
OPTIC,4.6
GLYPH,4.6
LOUSY,4.6
BOAST,4.6
ABYSS,4.6
AVOID,4.6
BROWN,4.6
ALLOW,4.6
FLAKY,4.6
CURLY,4.6
BUNCH,4.6
BICEP,4.6
BOARD,4.6
BONEY,4.6
HAVEN,4.65
VERGE,4.65
BRICK,4.65
VIGOR,4.65
WRONG,4.65
NUTTY,4.65
PRONG,4.65
CLANK,4.65
CLASP,4.65
THIGH,4.65
INTRO,4.65
CLEAT,4.65
STORK,4.65
BONUS,4.65
HELLO,4.65
BRAVO,4.65
CHIDE,4.65
GLARE,4.65
PENNY,4.65
PRIDE,4.65
AMEND,4.65
PIXIE,4.65
HENCE,4.65
COBRA,4.65
RAZOR,4.65
SWAMI,4.65
SPURT,4.65
OUTDO,4.65
LEANT,4.65
LYRIC,4.65
TWEED,4.65
DOING,4.65
ARTSY,4.65
LUMEN,4.65
CACAO,4.65
FLASH,4.65
SNARE,4.65
APTLY,4.65
SIXTY,4.65
LIMBO,4.65
FLICK,4.65
BUTTE,4.65
ANVIL,4.65
SLEPT,4.65
FLUID,4.65
MANGA,4.65
NATAL,4.65
AWOKE,4.65
MARCH,4.65
SHADE,4.65
METER,4.65
DINER,4.65
HAIRY,4.65
FORTY,4.65
AWASH,4.65
TOPIC,4.65
VALID,4.7
SOOTY,4.7
BRIEF,4.7
GRASS,4.7
SLANG,4.7
SPINY,4.7
RENEW,4.7
BRUTE,4.7
CLIFF,4.7
STAKE,4.7
BUDGE,4.7
BRASH,4.7
SHORN,4.7
UNZIP,4.7
SHEEN,4.7
COURT,4.7
CHICK,4.7
CROUP,4.7
SLOTH,4.7
MERGE,4.7
KNELT,4.7
RAJAH,4.7
TITAN,4.7
WHIFF,4.7
NICHE,4.7
TRIPE,4.7
NORTH,4.7
ODDLY,4.7
FLAIL,4.7
DAILY,4.7
PARKA,4.7
ONION,4.7
ICING,4.7
LEAST,4.7
CRIME,4.7
APING,4.7
ELUDE,4.7
SLOOP,4.7
TRUNK,4.7
TWEAK,4.7
DRIVE,4.7
DOWRY,4.7
LAPEL,4.7
BISON,4.7
SHOOT,4.75
CAMEO,4.75
CATCH,4.75
LEERY,4.75
EAGLE,4.75
EASEL,4.75
SHRUG,4.75
DIODE,4.75
ABOVE,4.75
AGONY,4.75
MIDST,4.75
ENEMY,4.75
PLUCK,4.75
RECUR,4.75
RIPER,4.75
PLAIT,4.75
ILIAC,4.75
PECAN,4.75
MECCA,4.75
PAPAL,4.75
IRONY,4.75
WEEDY,4.75
NOBLE,4.75
WEIGH,4.75
NERVE,4.75
SCRUM,4.75
HARDY,4.75
WAIVE,4.75
CHEAT,4.75
POLKA,4.75
UNMET,4.75
FOCUS,4.75
THICK,4.75
SNAIL,4.75
GOODY,4.75
BEZEL,4.75
STALE,4.75
BULGE,4.75
GRAFT,4.75
BURLY,4.75
STEAK,4.75
FETAL,4.75
TIDAL,4.75
TRUCE,4.75
TILDE,4.75
GIANT,4.75
BLUFF,4.75
GODLY,4.75
TWICE,4.8
ETHOS,4.8
FROCK,4.8
OPINE,4.8
FJORD,4.8
OVATE,4.8
WRATH,4.8
FULLY,4.8
SPOON,4.8
PESTO,4.8
HELIX,4.8
TABOO,4.8
SULKY,4.8
PLUMP,4.8
STUDY,4.8
COUPE,4.8
CREEK,4.8
REACT,4.8
SPOKE,4.8
GOOFY,4.8
CHAOS,4.8
DRIFT,4.8
CADET,4.8
LAPSE,4.8
SHUNT,4.8
LUCID,4.8
LUMPY,4.8
MOOSE,4.8
USURP,4.8
TROPE,4.8
SNAKE,4.8
ANGST,4.8
TRIAL,4.8
DITTY,4.8
SINEW,4.8
FLUNK,4.8
MAMMY,4.8
DICEY,4.8
FORUM,4.8
APRON,4.8
SNIPE,4.8
LEAPT,4.8
WRECK,4.8
EXERT,4.8
APART,4.8
LEAVE,4.8
HYENA,4.85
BLIND,4.85
GAYLY,4.85
PROOF,4.85
HUMOR,4.85
STOOP,4.85
NAIVE,4.85
LUNCH,4.85
ADMIN,4.85
FIGHT,4.85
FOAMY,4.85
TWIRL,4.85
BASIN,4.85
WRYLY,4.85
FRONT,4.85
TOXIC,4.85
JELLY,4.85
FLAKE,4.85
NEWER,4.85
BADGE,4.85
NASTY,4.85
MONTH,4.85
PLAID,4.85
PUPIL,4.85
SHEEP,4.85
BOOZE,4.85
SHALT,4.85
GLIDE,4.85
SHAVE,4.85
SNARL,4.85
SHIFT,4.85
CLOUD,4.85
GRUNT,4.85
RHINO,4.85
UNLIT,4.85
FATAL,4.85
CHOIR,4.85
ROUGH,4.85
SMIRK,4.85
SKULL,4.85
CHAIN,4.85
FETUS,4.85
SCENT,4.85
SOUTH,4.85
SEEDY,4.85
SLUNG,4.85
SPINE,4.85
EJECT,4.9
FRISK,4.9
JUNTO,4.9
NADIR,4.9
MORAL,4.9
MORPH,4.9
JUICE,4.9
CELLO,4.9
SPANK,4.9
QUASI,4.9
TOUGH,4.9
MINOR,4.9
FLING,4.9
SLOPE,4.9
LEDGE,4.9
DROVE,4.9
SLING,4.9
SLURP,4.9
BUXOM,4.9
TROOP,4.9
GROWL,4.9
SHOCK,4.9
ALONG,4.9
SHEET,4.9
TURBO,4.9
ETUDE,4.9
URBAN,4.9
FOUND,4.9
DEPOT,4.9
GUSTO,4.9
SPELL,4.9
NINNY,4.9
OCTAL,4.9
VIGIL,4.9
CREDO,4.9
PRUNE,4.9
GHOST,4.9
ACUTE,4.9
BLOAT,4.9
SLUMP,4.9
ROOMY,4.9
UDDER,4.9
IDIOT,4.9
TABLE,4.9
THROW,4.9
BINGO,4.9
PINTO,4.9
TWIXT,4.9
UNITE,4.9
SPEND,4.9
PALSY,4.9
BARON,4.9
ALOFT,4.9
OVINE,4.9
CHORD,4.9
BEFIT,4.95
STICK,4.95
SPILL,4.95
BANAL,4.95
CREPT,4.95
SMALL,4.95
DRAKE,4.95
BLITZ,4.95
SLUNK,4.95
RATIO,4.95
SLINK,4.95
QUICK,4.95
COVEY,4.95
RADIO,4.95
ODDER,4.95
SCRAM,4.95
VISOR,4.95
BLAST,4.95
MAFIA,4.95
PAYEE,4.95
TAROT,4.95
PETAL,4.95
PHONY,4.95
DEPTH,4.95
AXIOM,4.95
TONAL,4.95
MUCKY,4.95
CATTY,4.95
AUGUR,4.95
CLONE,4.95
SHEER,4.95
TRIAD,4.95
SETUP,4.95
CRUSH,4.95
CHINA,4.95
CLANG,4.95
NEEDY,4.95
CRIED,4.95
ANKLE,4.95
JIFFY,4.95
JOIST,4.95
ENEMA,4.95
GAUZE,4.95
HINGE,4.95
HEIST,4.95
GAFFE,4.95
FILET,4.95
RABID,5.0
SPELT,5.0
EARLY,5.0
DAISY,5.0
SMEAR,5.0
BURST,5.0
FACET,5.0
SHELF,5.0
WHINE,5.0
PHOTO,5.0
SPLAT,5.0
SCALE,5.0
DOUGH,5.0
CLEFT,5.0
MADAM,5.0
CREEP,5.0
COVET,5.0
CREED,5.0
HORNY,5.0
CRAFT,5.0
PERIL,5.0
SCANT,5.0
SPIKY,5.0
DRESS,5.0
ANNUL,5.0
DUSKY,5.0
FLORA,5.0
TRULY,5.0
TRADE,5.0
WHICH,5.0
THREE,5.0
THORN,5.0
GLEAN,5.0
DUCHY,5.0
ALERT,5.0
STEER,5.0
DEALT,5.0
LIEGE,5.0
DEBUT,5.0
JUROR,5.0
SWEET,5.0
PARTY,5.05
ORGAN,5.05
MEATY,5.05
PRESS,5.05
CROAK,5.05
DADDY,5.05
KEBAB,5.05
DEVIL,5.05
MOUSE,5.05
CURIO,5.05
MICRO,5.05
WHEAT,5.05
KNAVE,5.05
PIANO,5.05
LEARN,5.05
HOIST,5.05
FLUSH,5.05
FLANK,5.05
FORGE,5.05
THREW,5.05
THING,5.05
BEGUN,5.05
FUNNY,5.05
BILGE,5.05
BLAME,5.05
STUNG,5.05
BOBBY,5.05
BRAWL,5.05
RAVEN,5.05
SPOIL,5.05
SPACE,5.05
GOOEY,5.05
SNORE,5.05
CAVIL,5.05
CHESS,5.05
CHEST,5.05
KNEAD,5.05
ESSAY,5.05
RIVER,5.05
CLUNG,5.05
RETRO,5.05
RESIN,5.05
UNTIL,5.05
DINGO,5.05
CLINK,5.05
DRANK,5.05
DRAIN,5.05
SATIN,5.1
GROWN,5.1
SHAFT,5.1
EXACT,5.1
MUSKY,5.1
RUGBY,5.1
CLOAK,5.1
REVEL,5.1
REPEL,5.1
CRACK,5.1
DODGE,5.1
PRIVY,5.1
PORCH,5.1
ANNOY,5.1
PETTY,5.1
PEACE,5.1
PAUSE,5.1
AFOOT,5.1
ORDER,5.1
IRATE,5.1
OFTEN,5.1
OCTET,5.1
MANGE,5.1
DECRY,5.1
FAINT,5.1
DEATH,5.1
FAULT,5.1
SLIMY,5.1
FIEND,5.1
LIBEL,5.1
SWIFT,5.1
TENOR,5.1
SPORT,5.1
AWAKE,5.1
FRAIL,5.1
ATOLL,5.1
TABBY,5.1
TRICE,5.1
SNEER,5.1
INLET,5.15
TREAT,5.15
PREEN,5.15
TROLL,5.15
FISHY,5.15
OCEAN,5.15
PICKY,5.15
CRONE,5.15
OAKEN,5.15
NOVEL,5.15
NOTCH,5.15
FLESH,5.15
TRAIN,5.15
OZONE,5.15
PRIMO,5.15
VIDEO,5.15
CAGEY,5.15
CANNY,5.15
GUMBO,5.15
GOUGE,5.15
SOAPY,5.15
CHEEK,5.15
DYING,5.15
SCOPE,5.15
PRICK,5.15
BROTH,5.15
BROIL,5.15
UNTIE,5.15
ROUND,5.15
HILLY,5.15
ERECT,5.15
STEAL,5.15
RELAY,5.15
SWEPT,5.15
DOUBT,5.15
DOWNY,5.15
FLOCK,5.15
MOUTH,5.15
EKING,5.15
DEITY,5.15
AMBLE,5.2
CORER,5.2
SURLY,5.2
GRANT,5.2
DECAY,5.2
POLAR,5.2
PURSE,5.2
SWILL,5.2
SMELT,5.2
HAREM,5.2
WHARF,5.2
BUILT,5.2
DODGY,5.2
LINGO,5.2
AGLOW,5.2
GUILD,5.2
SWEEP,5.2
SCUBA,5.2
DECOY,5.2
SHOWN,5.2
REFIT,5.2
REHAB,5.2
NOISY,5.2
STANK,5.2
GRASP,5.2
SPERM,5.2
VODKA,5.2
BLOWN,5.2
OVERT,5.2
LEAFY,5.2
APPLE,5.2
RULER,5.2
BLEAK,5.2
WHISK,5.2
GLINT,5.2
CUTIE,5.2
TEMPO,5.2
GLEAM,5.2
TITHE,5.2
CARVE,5.2
GROUP,5.2
SKULK,5.2
PROUD,5.2
OLIVE,5.2
SMITH,5.25
DEMUR,5.25
SLICE,5.25
WHITE,5.25
MOUND,5.25
HUSKY,5.25
GUILE,5.25
DECOR,5.25
BLACK,5.25
PLUNK,5.25
FUGUE,5.25
SYNOD,5.25
INBOX,5.25
GRAPE,5.25
TEDDY,5.25
BINGE,5.25
PIVOT,5.25
MISER,5.25
THINK,5.25
BUSHY,5.25
PINEY,5.25
WIDTH,5.25
ROUSE,5.25
SKILL,5.25
RIVAL,5.25
SPURN,5.25
ABLED,5.25
GLADE,5.25
ELDER,5.25
ADORN,5.25
CAIRN,5.25
MERIT,5.25
AFFIX,5.25
TOTEM,5.25
HOTLY,5.25
SNOOP,5.25
REACH,5.25
QUEEN,5.25
KRILL,5.25
OPIUM,5.25
GRATE,5.25
QUEER,5.25
GRAIL,5.25
ORBIT,5.25
GRIPE,5.25
BUGLE,5.25
PLAIN,5.3
SPLIT,5.3
GLOBE,5.3
SMOKE,5.3
WHIRL,5.3
LITHE,5.3
SERIF,5.3
ADEPT,5.3
DOPEY,5.3
RETRY,5.3
PLUMB,5.3
WIDOW,5.3
CIDER,5.3
DEIGN,5.3
COVER,5.3
REALM,5.3
ALIGN,5.3
VEGAN,5.3
GIVEN,5.3
BLEEP,5.3
POSER,5.3
BOOZY,5.3
FLOAT,5.3
FETCH,5.3
SCAMP,5.3
GHOUL,5.3
FEWER,5.3
FEAST,5.3
DELAY,5.3
SPIED,5.3
SLIME,5.3
THIEF,5.3
TRUMP,5.3
TROVE,5.3
PANEL,5.3
FLARE,5.3
ECLAT,5.3
GUSTY,5.3
TIPSY,5.3
LEECH,5.3
CASTE,5.3
FIZZY,5.35
SCOOP,5.35
SLEEP,5.35
PUBIC,5.35
CHECK,5.35
MOTEL,5.35
SHIED,5.35
PRIME,5.35
ENNUI,5.35
PANSY,5.35
HYDRO,5.35
EVADE,5.35
BIGOT,5.35
DWELT,5.35
HOUND,5.35
ROBIN,5.35
SPICE,5.35
RUDDY,5.35
FOCAL,5.35
MODEM,5.35
DALLY,5.35
GOLLY,5.35
NOOSE,5.35
SIGHT,5.35
BRACE,5.35
TRACK,5.35
DAIRY,5.35
HORSE,5.35
HOTEL,5.35
ISLET,5.35
MULCH,5.35
MAIZE,5.35
SLANT,5.35
QUILT,5.35
CRAVE,5.35
DROWN,5.35
PLUME,5.35
SHARD,5.35
TAMER,5.35
VOMIT,5.35
INDEX,5.35
BEADY,5.35
AFOUL,5.35
IDYLL,5.35
MODEL,5.4
CHOKE,5.4
FORTE,5.4
GROPE,5.4
CHILD,5.4
SHOUT,5.4
MINCE,5.4
QUAKE,5.4
AMPLY,5.4
EGRET,5.4
BIOME,5.4
NOMAD,5.4
REGAL,5.4
RENAL,5.4
LADLE,5.4
WIMPY,5.4
SPARK,5.4
MIRTH,5.4
RISEN,5.4
ROWER,5.4
ANTIC,5.4
CLOWN,5.4
CLOVE,5.4
FELLA,5.4
HORDE,5.4
INPUT,5.4
STORE,5.4
SHAWL,5.4
PEACH,5.4
WOMEN,5.4
BLAND,5.4
SWASH,5.4
SWUNG,5.4
POSSE,5.4
SUING,5.4
IVORY,5.45
FLAIR,5.45
LEMON,5.45
SOLID,5.45
RASPY,5.45
COYLY,5.45
LYING,5.45
JOUST,5.45
RALPH,5.45
RIGHT,5.45
BOTCH,5.45
DUNCE,5.45
PIZZA,5.45
ADULT,5.45
ABUSE,5.45
CHUTE,5.45
CIGAR,5.45
JOINT,5.45
TALON,5.45
DITCH,5.45
INFER,5.45
VAPID,5.45
MEDIC,5.45
SPEED,5.45
VENUE,5.45
HARPY,5.45
PROSE,5.45
FIELD,5.45
SYRUP,5.45
BLIMP,5.45
CANDY,5.45
GAILY,5.45
MOLAR,5.45
SMOKY,5.45
CRUEL,5.45
EVOKE,5.45
MARSH,5.45
MAJOR,5.45
BIDDY,5.5
PRAWN,5.5
DUMMY,5.5
MADLY,5.5
PURER,5.5
CIRCA,5.5
ELFIN,5.5
BRAKE,5.5
STARE,5.5
GUPPY,5.5
GUILT,5.5
GRAVY,5.5
DELTA,5.5
STAND,5.5
URINE,5.5
UNION,5.5
CABIN,5.5
SKIFF,5.5
SCOLD,5.5
FLOWN,5.5
QUOTH,5.5
RISKY,5.5
SLICK,5.5
UNDER,5.5
TEASE,5.5
METRO,5.5
SHOVE,5.5
EXPEL,5.5
DECAL,5.5
MERCY,5.5
FRAME,5.5
ALIBI,5.5
DEBAR,5.5
FEMUR,5.5
BORNE,5.5
PAGAN,5.5
EQUIP,5.55
COCOA,5.55
ASCOT,5.55
TAPIR,5.55
PINCH,5.55
DANCE,5.55
CLERK,5.55
DAUNT,5.55
SHAKE,5.55
PUDGY,5.55
FUNKY,5.55
THYME,5.55
FAIRY,5.55
PLIED,5.55
EPOCH,5.55
PROWL,5.55
VOICE,5.55
CRUDE,5.55
SCARY,5.55
CRASH,5.55
SCRAP,5.55
ACORN,5.55
RERUN,5.55
CHEAP,5.55
YOUNG,5.55
FUDGE,5.55
RAINY,5.55
SWEAR,5.55
BOWEL,5.55
WOVEN,5.55
INGOT,5.55
BYLAW,5.55
MUNCH,5.55
SHUCK,5.55
WORTH,5.55
SOGGY,5.6
CARGO,5.6
GNOME,5.6
GRIEF,5.6
MUSTY,5.6
SNACK,5.6
SAPPY,5.6
HABIT,5.6
GRAPH,5.6
DRAFT,5.6
EYING,5.6
PATSY,5.6
ONSET,5.6
STOVE,5.6
STINK,5.6
COWER,5.6
STIFF,5.6
RAMEN,5.6
RANGE,5.6
PUPAL,5.6
UNIFY,5.6
BLEND,5.6
DISCO,5.6
AMONG,5.6
SWING,5.6
STOOD,5.6
TANGO,5.6
PESKY,5.6
BANJO,5.6
EAGER,5.6
SPOOL,5.6
TANGY,5.6
PLANK,5.6
GLOVE,5.6
COAST,5.6
VOUCH,5.65
THEIR,5.65
OUTGO,5.65
CURSE,5.65
STRAP,5.65
CANON,5.65
CHAMP,5.65
BLINK,5.65
CAPUT,5.65
WOOER,5.65
CROWD,5.65
GUEST,5.65
OXIDE,5.65
MOVIE,5.65
THOSE,5.65
PUREE,5.65
SUPER,5.65
ROCKY,5.65
AMUSE,5.65
SPAWN,5.65
OFFER,5.65
CRAZY,5.65
WHINY,5.65
GONAD,5.65
ESTER,5.65
SONIC,5.65
CRAWL,5.65
SPRAY,5.65
EBONY,5.65
AUDIO,5.65
WIELD,5.65
TUBAL,5.65
LOCUS,5.65
MAYOR,5.65
SPADE,5.7
LAUGH,5.7
LOFTY,5.7
STOMP,5.7
SINCE,5.7
SMACK,5.7
SPENT,5.7
PASTY,5.7
TAWNY,5.7
TEACH,5.7
PIXEL,5.7
INERT,5.7
MOODY,5.7
ULTRA,5.7
TOPAZ,5.7
CHARD,5.7
LADEN,5.7
FLACK,5.7
BAGGY,5.7
BUTCH,5.7
OMBRE,5.7
PRUDE,5.7
DEBUG,5.7
SNIDE,5.7
LABOR,5.7
HOARD,5.7
SUITE,5.7
CATER,5.75
WHACK,5.75
OMEGA,5.75
SKIMP,5.75
EXCEL,5.75
THETA,5.75
LEMUR,5.75
OCCUR,5.75
WAXEN,5.75
SHOWY,5.75
OTTER,5.75
CHAIR,5.75
JUICY,5.75
LUNGE,5.75
CHOSE,5.75
ABORT,5.75
ALTER,5.75
FERAL,5.75
CHIEF,5.75
TERRA,5.75
SNEAK,5.75
QUALM,5.75
BLOKE,5.75
CLIMB,5.75
STALK,5.75
SCOWL,5.75
SMILE,5.75
BROKE,5.75
DWELL,5.75
VALET,5.75
PHONE,5.75
TARDY,5.75
METAL,5.75
MACAW,5.75
DOZEN,5.75
PIQUE,5.75
CEDAR,5.75
DIARY,5.75
ICILY,5.75
RIPEN,5.75
TRAMP,5.8
TRAWL,5.8
SPORE,5.8
STAID,5.8
SKIER,5.8
DREAD,5.8
SPOOF,5.8
GRIME,5.8
ALOUD,5.8
ABOUT,5.8
SNOWY,5.8
STOOL,5.8
SNAKY,5.8
STUCK,5.8
STUMP,5.8
KITTY,5.8
FROWN,5.8
ABBOT,5.8
BERTH,5.8
SOUND,5.8
BACON,5.8
DINGY,5.8
EIGHT,5.8
CHIME,5.8
REEDY,5.8
WELCH,5.8
DANDY,5.8
WHILE,5.8
ROWDY,5.8
HAPPY,5.8
CHALK,5.8
NURSE,5.8
MUSHY,5.8
VOGUE,5.8
PAPER,5.8
CANOE,5.8
LARGE,5.8
EXTOL,5.8
SIREN,5.8
CREAK,5.8
GRUEL,5.8
BELCH,5.85
ELEGY,5.85
NINJA,5.85
FETID,5.85
AVERT,5.85
SCION,5.85
SWINE,5.85
FLUKE,5.85
COMET,5.85
SPEAR,5.85
MURAL,5.85
CADDY,5.85
KNEEL,5.85
EXULT,5.85
GORGE,5.85
WISER,5.85
TOWEL,5.85
GLOAT,5.85
EMPTY,5.85
BADLY,5.85
SWARM,5.85
FLAME,5.85
DIVER,5.85
VIOLA,5.85
CAROL,5.85
EMBER,5.85
UNSET,5.9
LODGE,5.9
ENTER,5.9
ZESTY,5.9
RECAP,5.9
SNUFF,5.9
VOWEL,5.9
SCALD,5.9
EXIST,5.9
PROXY,5.9
FROTH,5.9
GULLY,5.9
INTER,5.9
BLUER,5.9
MURKY,5.9
BRAVE,5.9
HYMEN,5.9
DRAWN,5.9
BALMY,5.9
OWING,5.9
SPUNK,5.9
ENVOY,5.9
SCOFF,5.9
PARRY,5.9
LIGHT,5.9
WIDEN,5.9
VITAL,5.9
DRAPE,5.95
CLING,5.95
WOODY,5.95
SALON,5.95
DUVET,5.95
RIFLE,5.95
HAUTE,5.95
ACTOR,5.95
SHADY,5.95
MEDAL,5.95
GRAVE,5.95
VALOR,5.95
OLDER,5.95
RATTY,5.95
FATTY,5.95
ENDOW,5.95
PUTTY,5.95
FRIED,5.95
PENAL,5.95
ALBUM,5.95
UNCLE,5.95
FLUTE,5.95
FREED,5.95
DONUT,6.0
FLECK,6.0
STACK,6.0
DUMPY,6.0
QUOTE,6.0
ADOPT,6.0
PATIO,6.0
BRIDE,6.0
BATCH,6.0
RIVET,6.0
IMBUE,6.0
READY,6.0
LOWER,6.0
HOBBY,6.0
HAVOC,6.0
WOKEN,6.0
PROVE,6.0
SURGE,6.0
SHALE,6.0
STORM,6.0
LEGGY,6.0
DOGMA,6.0
PINKY,6.0
MUDDY,6.0
REPAY,6.0
SUAVE,6.05
UNDUE,6.05
QUACK,6.05
STUNK,6.05
TREND,6.05
PLUSH,6.05
RIDGE,6.05
NEIGH,6.05
VAULT,6.05
CREST,6.05
BLAZE,6.05
NERDY,6.05
POUTY,6.05
VOCAL,6.05
EMAIL,6.05
TEARY,6.05
EDICT,6.05
PEDAL,6.05
SNOUT,6.1
PANIC,6.1
REVUE,6.1
BAGEL,6.1
EPOXY,6.1
FIBRE,6.1
MAGIC,6.1
RALLY,6.1
TACKY,6.1
PAINT,6.1
RUPEE,6.1
FALSE,6.1
CHAFE,6.1
FECAL,6.1
SPARE,6.1
DIZZY,6.1
ALOOF,6.1
POINT,6.1
SPIEL,6.1
FELON,6.1
BATON,6.1
SQUAD,6.1
CABBY,6.1
HEART,6.1
PADDY,6.1
DENIM,6.15
GAWKY,6.15
JUMBO,6.15
OUNCE,6.15
FIFTY,6.15
ERUPT,6.15
RELAX,6.15
STALL,6.15
FEIGN,6.15
SQUIB,6.15
MONEY,6.15
CACHE,6.15
FUZZY,6.2
MACRO,6.2
PLEAD,6.2
STORY,6.2
PIGGY,6.2
REMIT,6.2
SPECK,6.2
MIDGE,6.2
WROTE,6.2
FOGGY,6.2
FANNY,6.2
LUSTY,6.2
EDIFY,6.2
RECUT,6.2
GUIDE,6.2
REIGN,6.2
LEAKY,6.2
CAMEL,6.2
FRANK,6.2
SIEGE,6.2
FLIER,6.2
SLEEK,6.2
DRAWL,6.25
POPPY,6.25
UPSET,6.25
FLASK,6.25
TRIED,6.25
CAULK,6.25
MODAL,6.25
CHART,6.25
ROUTE,6.25
BARGE,6.25
SLIDE,6.25
USHER,6.25
USING,6.25
DATUM,6.25
ADMIT,6.25
HERON,6.25
CYCLE,6.25
SUMAC,6.25
TREAD,6.25
QUERY,6.25
HONEY,6.25
QUEST,6.25
MANGO,6.25
UNFED,6.25
PUFFY,6.25
RAPID,6.25
VIXEN,6.3
FLUME,6.3
IDEAL,6.3
PLIER,6.3
WIDER,6.3
EVICT,6.3
POESY,6.3
MAMBO,6.3
VICAR,6.3
GECKO,6.3
HASTE,6.3
HOVER,6.35
CRAZE,6.35
BUSED,6.35
TAPER,6.35
VOILA,6.35
BAWDY,6.35
MANIC,6.35
SHARP,6.35
VENOM,6.35
QUAIL,6.35
COMMA,6.35
MANOR,6.35
PRIZE,6.35
FROZE,6.35
RELIC,6.35
GRACE,6.35
WHEEL,6.35
SPIKE,6.35
CLUED,6.35
BAYOU,6.4
AWFUL,6.4
WINCE,6.4
GNASH,6.4
GUARD,6.4
AZURE,6.4
SWELL,6.4
SWAMP,6.4
ITCHY,6.4
WRACK,6.4
YOUTH,6.4
PALER,6.4
SWOOP,6.4
LEACH,6.4
HOLLY,6.45
PITCH,6.45
WORSE,6.45
MIGHT,6.45
FARCE,6.45
WILLY,6.45
MEALY,6.45
WISPY,6.45
WHELP,6.45
WEIRD,6.45
ASIDE,6.45
WARTY,6.5
SHANK,6.5
QUELL,6.5
RETCH,6.5
BUDDY,6.5
GUMMY,6.5
WHOSE,6.5
GLAND,6.5
SHACK,6.5
MOCHA,6.5
GIDDY,6.5
DOWEL,6.5
CABLE,6.55
HEFTY,6.55
NIGHT,6.55
FIBER,6.55
CRAMP,6.55
LINER,6.55
OLDEN,6.55
WENCH,6.55
MOIST,6.55
REBUT,6.55
COPSE,6.55
DETOX,6.55
EQUAL,6.55
HOUSE,6.55
ANGER,6.55
WINCH,6.55
NEWLY,6.55
PRIED,6.55
GAUNT,6.55
TIGER,6.55
SERUM,6.55
YEAST,6.55
ETHER,6.6
BELOW,6.6
MANGY,6.6
IMPEL,6.6
GREAT,6.6
VYING,6.6
JERKY,6.6
LATCH,6.6
SHAKY,6.6
OFFAL,6.6
RANCH,6.6
YACHT,6.6
SNIFF,6.6
CHORE,6.6
SAUCY,6.6
GAMER,6.6
LEFTY,6.6
MAYBE,6.65
TRASH,6.65
USUAL,6.65
TUBER,6.65
STRAW,6.65
FILER,6.65
HUNKY,6.65
NOSEY,6.65
HOWDY,6.65
PUNCH,6.65
PHASE,6.65
GAUDY,6.65
REPLY,6.65
STAVE,6.65
FRAUD,6.7
SINGE,6.7
QUIET,6.7
GAMUT,6.7
OTHER,6.7
OUGHT,6.7
AUDIT,6.7
SCALP,6.7
DUTCH,6.7
CAUSE,6.7
PEARL,6.7
CURVE,6.75
JUDGE,6.75
FIERY,6.75
RHYME,6.75
KNIFE,6.75
MANLY,6.75
GAVEL,6.75
STEIN,6.75
RODEO,6.75
GIVER,6.75
STAFF,6.75
HATER,6.75
INNER,6.75
WITTY,6.8
YIELD,6.8
WACKY,6.8
ZONAL,6.8
BREAD,6.8
DREAM,6.8
STUFF,6.8
CAPER,6.8
LATER,6.8
BUYER,6.8
FANCY,6.8
MAUVE,6.8
BREAK,6.8
CHARM,6.8
CREAM,6.8
QUART,6.8
CYNIC,6.8
SPOOK,6.8
PIPER,6.85
NUDGE,6.85
PLACE,6.85
OPERA,6.85
RANDY,6.85
LOVER,6.85
ENTRY,6.85
VIPER,6.85
POSIT,6.85
SNUCK,6.85
FINAL,6.9
STEAD,6.9
WHOLE,6.9
TALLY,6.9
LAGER,6.9
POUND,6.9
PULPY,6.9
JAZZY,6.9
GREED,6.95
FAVOR,6.95
PURGE,6.95
PATTY,6.95
RUSTY,6.95
TOWER,6.95
ETHIC,6.95
TODAY,6.95
MAXIM,6.95
JOKER,6.95
EARTH,6.95
JUMPY,7.0
TIMER,7.0
HAZEL,7.0
LIVER,7.0
HEARD,7.0
NICER,7.0
RAYON,7.0
OUTER,7.0
PRANK,7.05
ENJOY,7.05
GROVE,7.05
IMPLY,7.05
GLAZE,7.05
FLYER,7.05
UNWED,7.05
SPOUT,7.05
SALVO,7.05
ROUGE,7.1
UNITY,7.1
NYLON,7.1
STAMP,7.1
GONER,7.1
NAVEL,7.1
PUSHY,7.1
MINTY,7.1
CLEAR,7.1
TAFFY,7.1
ROGUE,7.1
MOWER,7.1
SLACK,7.1
BEARD,7.15
WOUND,7.15
WAGON,7.15
HANDY,7.15
SCALY,7.15
PSALM,7.15
SHREW,7.15
SIEVE,7.2
BAKER,7.2
HUMAN,7.2
ASHEN,7.2
SQUAT,7.25
PERCH,7.25
STRAY,7.25
FABLE,7.25
AMITY,7.3
VAPOR,7.3
OVARY,7.3
ENSUE,7.3
PASTE,7.3
VOTER,7.35
SHAME,7.35
YEARN,7.35
QUARK,7.35
ISSUE,7.35
CYBER,7.4
PERKY,7.4
FINER,7.4
SHEIK,7.4
UTTER,7.4
LANCE,7.45
WHALE,7.45
VINYL,7.45
JOLLY,7.45
WITCH,7.45
BUGGY,7.5
MAPLE,7.5
ROACH,7.55
AIDER,7.55
PAYER,7.55
GRAZE,7.55
HAUNT,7.55
DEMON,7.55
MILKY,7.6
STOIC,7.6
WOMAN,7.6
GAYER,7.6
SPEAK,7.6
MINER,7.65
PITHY,7.65
AMBER,7.65
SMOCK,7.7
WEARY,7.7
SWORE,7.7
MOVER,7.75
WREST,7.75
MATCH,7.75
QUASH,7.75
FREAK,7.8
KINKY,7.8
LANKY,7.9
POKER,7.95
OBESE,8.1
STOCK,8.1
POWER,8.15
AFTER,8.15
ASSET,8.15
FOYER,8.2
WAFER,8.2
POLYP,8.2
WINDY,8.2
SOBER,8.2
MAKER,8.2
UPPER,8.2
STEAM,8.25
ULCER,8.3
SWEAT,8.3
WASTE,8.3
AUNTY,8.35
SHAPE,8.35
WAGER,8.35
NOBLY,8.4
WIGHT,8.4
WATER,8.5
FRESH,8.5
JAUNT,8.55
GAZER,8.6
BALER,8.65
EXTRA,8.65
ZEBRA,8.7
PATCH,8.75
ELBOW,8.8
WREAK,8.8
ASKEW,8.9
STONY,8.95
BOXER,9.05
FIXER,9.1
WAVER,9.2
MACHO,9.2
HYPER,9.2
IDLER,9.25
OWNER,9.35
HOMER,9.45
VAUNT,9.55
WATCH,9.75
LAYER,9.75
USAGE,9.95
